Workout Number,Workout,Description,Button Sequence,Type
1,2 x 2000m rate increase / 4 min easy,"Row two 2000 meter pieces. In each piece the first 1000m @ 24 spm. Then 500m @ 26 spm, 250m @ 28 and 250m @ 30. Row for four minutes at light pressure during the rest period.",B-D-D-A-D-B-B-A-C-C-C-C-C-A-A-A-A-B-B-B-B-E  ,Short
2,3 x 2000m / 1 min easy,Row three 2000 meter pieces. Row for one minute at light pressure between each 2000.,B-D-D-A-D-B-B-A-C-C-C-C-C-A-A-A-A-B-E  ,Medium
3,2 x 21 min with rate increase / 4 min easy,"Row two 21 minute pieces. Row the first six minutes @ 20 spm. Then five minutes @ 22 spm, four @ 24, three @ 26, two @ 28 and one @ 30. Row for four minutes at light pressure between each piece.",B-D-D-B-D-B-B-A-A-A-A-A-B-B-B-B-E  ,Long
4,6 x 500m / 2 min easy,Row six 500 meter pieces. Row for two minutes at light pressure between each 500.,B-D-D-A-A-A-A-A-B-B-E  ,Short
5,2-3-4-5-4-3-2 min pyramid / 2 min easy,"Pre-set the monitor for 35 minutes. Row seven intervals in a pyramid of 2-3-4-5-4-3-2 minutes, with two minutes of rest in between each piece. Two minutes hard, two light, three hard, two light, four hard and so on.",B-D-D-D-D-B-A-A-A-A-B-B-E-D-B-E-D-B-E-D-B-E-D-C-E-D-C-E-D-C-E  ,Medium
6,3 x 5000m with rate changes every 1000m: 24-22-24-26-24 / 3 min easy,"Row three 5000m pieces at a sustainable intensity, varying your stroke rate in each piece as follows: row 1000 meters @ 24 spm, 1000 meters @ 22 spm, 1000 meters @ 24 spm, 1000 meters @ 26 spm, and 1000 meters @ 24 spm. Row for two minutes at light pressure between each piece.",B-D-D-A-D-B-B-B-B-B-A-C-C-C-C-C-A-A-A-A-B-B-B-E  ,Long
7,5 x 750m / 1 min easy,Row five 750 meter pieces. Row for one minute at light pressure between each 750.,B-D-D-A-B-B-A-B-B-B-B-B-A-A-A-B-E  ,Short
8,4 x 750m / 2 min easy,Row four 750 meter pieces. Row for two minutes at light pressure between each 750.,B-D-D-A-B-B-A-B-B-B-B-B-A-A-A-B-B-E  ,Short
9,2 x 2000m @ 26 spm plus bursts / 4 min easy,Row two 2000 meter pieces @ 26 spm with 10 strokes hard every 500m. Row for four minutes at light pressure during the rest period.,B-D-D-A-D-B-B-A-C-C-C-C-C-A-A-A-A-B-B-B-B-E  ,Short
10,7 x 1min @ 26 spm / 30 sec easy,Row seven 1 minute pieces at a stroke rate of 26. Row for 30 seconds at light pressure between each piece.,B-D-D-B-A-A-A-A-A-B-B-B-E  ,Short
11,4 x 1000m / 2 min easy,Row four 1000 meter pieces. Row for two minutes at light pressure between each 1000.,B-D-D-A-D-B-A-C-C-C-C-C-A-A-A-A-B-B-E  ,Short
12,4 x 750m / 2 min easy,Row four 750 meter pieces. Row for two minutes at light pressure between each 750.,B-D-D-A-B-B-A-B-B-B-B-B-A-A-A-B-B-E  ,Short
13,5 x 500m / 2 min easy,Row five 500 meter pieces. Row for two minutes at light pressure between each 500.,B-D-D-A-A-A-A-A-B-B-E  ,Short
14,9 x  1 min 40 sec / 20 sec easy with a longer 2 min rest at the halfway point.,"Row nine intervals of 1 minute 40 seconds, with 20 seconds of rest in between each piece with the exception of 2 minutes of rest after the fifth interval.",B-D-D-D-D-A-B-B-B-B-A-A-A-A-B-B-E-D-E-D-E-D-E-D-A-A-A-A-B-B-A-C-C-E-D-A-A-A-A-A-B-B-D-C-C-E-D-E-D-E-D-E-E  ,Short
15,"Stroke pyramid: 1,2,3...15...2,1 / 3 light","Row a pyramid of hard strokes from one to 15 with three light strokes between each set. So one hard followed by three light. Then two hard followed by three light. Three hard, three light. 4/3. 5/3. 6/3 through to 15 hard, 3 light and then back down. 14/3. 13/3 and so on to 1/3.",Just start rowing or press A once  ,Short
16,6 x 20 sec high intensity intervals,"Set your monitor for a time intervals of 20 seconds with no rest. Row 20 seconds at an intense pace, then 20 seconds at a moderate pace. Do this 5 more times for a total workout time of 4 minutes.",B-D-D-B-A-B-B-D-C-E  ,Short
17,12 x 250m / 45 sec easy,"Pre-set a work distance of 250 meters and a rest time of 45 seconds. Row 12 intervals at a challenging intensity, with light rowing between pieces.",B-D-D-A-C-C-C-A-B-B-B-B-B-A-A-A-A-B-B-B-B-A-B-B-B-B-B-E  ,Short
18,3 x 3 min / 2 min easy,Row three 3 minute pieces. Row for two minutes at light pressure between each piece.,B-D-D-B-B-B-A-A-A-A-B-B-E  ,Short
19,21 minutes with rate increase,"Row a single 21 minute piece. Row the first six minutes @ 20 spm. Then row five minutes @ 22 spm, four @ 24, three @ 26, two @ 28 and one @ 30.",B-D-B-C-A-B-E  ,Short
20,High Intensity Interval Pyramid starting at 250 meters,"Set your monitor for a variable interval workout as follows, with no rest between intervals: 250m, 250m, 200m, 200m, 150m, 150m, 100m, 100m, 150m, 150m, 200m, 200m, 250m, 250m. Row the first 250m at a moderate pace, then 250m at an intense pace, then 200m moderate, then 200m intense, and so on down to 100 meters, then work your way back up to 250 meters in the same manner.",B-D-D-D-C-C-C-C-A-B-B-B-B-B-E-C-E-C-A-C-C-C-C-C-E-C-E-C-C-A-B-B-B-B-B-E-C-E-C-A-C-C-C-C-C-E-C-E-C-A-B-B-B-B-B-E-C-E-C-B-A-C-C-C-C-C-E-C-E-C-A-B-B-B-B-B-E-C-E-E  ,Short
21,5000m with rate changes every 1000m: 22-24-26-24-22,"Row for a total of 5000 meters at a sustainable intensity, varying your stroke rate as follows: row 1000 meters @ 22 spm, 1000 meters @ 24 spm, 1000 meters @ 26 spm, 1000 meters @ 24 spm, and 1000 meters @ 22 spm.",B-A-B  ,Short
22,9 x  1 min 40 sec / 20 sec easy with a longer 2 min rest at the halfway point.,"Row nine intervals of 1 minute 40 seconds, with 20 seconds of rest in between each piece with the exception of 2 minutes of rest after the fifth interval.",B-D-D-D-D-A-B-B-B-B-A-A-A-A-B-B-E-D-E-D-E-D-E-D-A-A-A-A-B-B-A-C-C-E-D-A-A-A-A-A-B-B-D-C-C-E-D-E-D-E-D-E-E  ,Short
23,5 x 3 min / 1 min easy,Row five 3 minute pieces. Row for one minute at light pressure between each piece.,B-D-D-B-B-B-A-A-A-A-B-E  ,Short
24,20 minutes with bursts,"Row a single 20 minute piece at a consistent pace. Every four minutes, row ten strokes hard and then return to your previous pace.",B-D-B-C-E  ,Short
25,5 x 750m / 1 min easy,Row five 750 meter pieces. Row for one minute at light pressure between each 750.,B-D-D-A-B-B-A-B-B-B-B-B-A-A-A-B-E  ,Short
26,5000m with rate changes every 1000m: 22-24-26-24-22,"Row for a total of 5000 meters at a sustainable intensity, varying your stroke rate as follows: row 1000 meters @ 22 spm, 1000 meters @ 24 spm, 1000 meters @ 26 spm, 1000 meters @ 24 spm, and 1000 meters @ 22 spm.",B-A-B  ,Short
27,12 x 250m / 45 sec easy,"Pre-set a work distance of 250 meters and a rest time of 45 seconds. Row 12 intervals at a challenging intensity, with light rowing between pieces.",B-D-D-A-C-C-C-A-B-B-B-B-B-A-A-A-A-B-B-B-B-A-B-B-B-B-B-E  ,Short
28,4 x 750m / 1 min easy,Row four 750 meter pieces. Row for one minute at light pressure between each 750.,B-D-D-A-B-B-A-B-B-B-B-B-A-A-A-B-E  ,Short
29,5000m with rate changes every 1000m: 26-24-22-24-26,"Row for a total of 5000 meters at a sustainable intensity, varying your stroke rate as follows: row 1000 meters @ 26 spm, 1000 meters @ 24 spm, 1000 meters @ 22 spm, 1000 meters @ 24 spm, and 1000 meters @ 26 spm.",B-A-B  ,Short
30,6 x 20 sec high intensity intervals,"Set your monitor for a time intervals of 20 seconds with no rest. Row 20 seconds at an intense pace, then 20 seconds at a moderate pace. Do this 5 more times for a total workout time of 4 minutes.",B-D-D-B-A-B-B-D-C-E  ,Short
31,5 x 3 min / 2 min easy,Row five 3 minute pieces. Row for two minutes at light pressure between each piece.,B-D-D-B-B-B-A-A-A-A-B-B-E  ,Short
32,3 x 1000m / 2 min easy,Row three 1000 meter pieces. Row for two minutes at light pressure between each 1000.,B-D-D-A-D-B-A-C-C-C-C-C-A-A-A-A-B-B-E  ,Short
33,2 x 10 min short intervals,Pre-set the monitor for a work time of 10:00 and a rest time of 4:00. Each interval alternate between 40 seconds fast rowing and 20 seconds easy rowing. During the rest time continue rowing at light pressure.,B-D-D-B-D-B-A-C-A-A-A-A-B-B-B-B-E  ,Short
34,7 x 1min @ 26 spm / 30 sec easy,Row seven 1 minute pieces at a stroke rate of 26. Row for 30 seconds at light pressure between each piece.,B-D-D-B-A-A-A-A-A-B-B-B-E  ,Short
35,2 x 2000m @ 26 spm plus bursts / 4 min easy,Row two 2000 meter pieces @ 26 spm with 10 strokes hard every 500m. Row for four minutes at light pressure during the rest period.,B-D-D-A-D-B-B-A-C-C-C-C-C-A-A-A-A-B-B-B-B-E  ,Short
36,5000m with rate changes every 1000m: 22-24-26-28-24,"Row for a total of 5000 meters at a sustainable intensity, varying your stroke rate as follows: row 1000 meters @ 22 spm, 1000 meters @ 24 spm, 1000 meters @ 26 spm, 1000 meters @ 28 spm, and 1000 meters @ 24 spm.",B-A-B  ,Short
37,4 x 750m / 2 min easy,Row four 750 meter pieces. Row for two minutes at light pressure between each 750.,B-D-D-A-B-B-A-B-B-B-B-B-A-A-A-B-B-E  ,Short
38,4 x 500m / 2 min easy,Row four 500 meter pieces. Row for two minutes at light pressure between each 500.,B-D-D-A-A-A-A-A-B-B-E  ,Short
39,1000 meter time trial,"Row a 1000 meter time trial, going for your personal best. After you've rowed, enter your time in the Online Ranking and see where you stand with others of your age, gender and weight class.",B-D-A-C-E  ,Short
40,2 x 2000m rate increase / 4 min easy,"Row two 2000 meter pieces. In each piece, row the first 1000 meters @ 26 spm. Then 500 meters @ 28 spm, 250 meters @ 30 spm and 250 meters @ 32 spm. Row for four minutes at light pressure during the rest period.",B-D-D-A-D-B-B-A-C-C-C-C-C-A-A-A-A-B-B-B-B-E  ,Short
41,"1 min, 2 min, 3 min, 4 min, 3 min, 2 min, 1 min pyramid / 1 min easy","Row five intervals in a pyramid of 1-2-3-4-3-2-1 minutes, with one minute of rest in between each piece.",B-D-D-D-D-A-A-A-A-B-E-D-B-E-D-B-E-D-B-E-D-C-E-D-C-E-D-C-E-E  ,Short
42,5 x 3 min / 1 min easy,Row five 3 minute pieces. Row for one minute at light pressure between each piece.,B-D-D-B-B-B-A-A-A-A-B-E  ,Short
43,7 x 1min @ 26 spm / 30 sec easy,Row seven 1 minute pieces at a stroke rate of 26. Row for 30 seconds at light pressure between each piece.,B-D-D-B-A-A-A-A-A-B-B-B-E  ,Short
44,6 x 2 min / 1 min easy,Row six 2 minute pieces. Row for one minute at light pressure between each piece.,B-D-D-B-B-A-A-A-A-B-E  ,Short
45,3 x 750m / 1 min easy,Row three 750 meter pieces. Row for one minute at light pressure between each 750.,B-D-D-A-B-B-A-B-B-B-B-B-A-A-A-B-E  ,Short
46,5000m with rate changes every 1000m: 22-24-26-28-24,"Row for a total of 5000 meters at a sustainable intensity, varying your stroke rate as follows: row 1000 meters @ 22 spm, 1000 meters @ 24 spm, 1000 meters @ 26 spm, 1000 meters @ 28 spm, and 1000 meters @ 24 spm.",B-A-B  ,Short
47,5 x 750m / 2 min easy,Row five 750 meter pieces. Row for two minutes at light pressure between each 750.,B-D-D-A-B-B-A-B-B-B-B-B-A-A-A-B-B-E  ,Short
48,5000m with rate changes every 1000m: 26-24-22-24-26,"Row for a total of 5000 meters at a sustainable intensity, varying your stroke rate as follows: row 1000 meters @ 26 spm, 1000 meters @ 24 spm, 1000 meters @ 22 spm, 1000 meters @ 24 spm, and 1000 meters @ 26 spm.",B-A-B  ,Short
49,4 x 3 min / 1 min easy,Row four 3 minute pieces. Row for one minute at light pressure between each piece.,B-D-D-B-B-B-A-A-A-A-B-E  ,Short
50,2 x 2000m @ 26 spm plus bursts / 4 min easy,Row two 2000 meter pieces @ 26 spm with 10 strokes hard every 500m. Row for four minutes at light pressure during the rest period.,B-D-D-A-D-B-B-A-C-C-C-C-C-A-A-A-A-B-B-B-B-E  ,Short
51,High Intensity Interval Pyramid starting at 500 meters,"Set your monitor for a variable interval workout as follows, with no rest between intervals: 500m, 500m, 400m, 400m, 300m, 300m, 200m, 200m, 100m, 100m, 200m, 200m, 300m, 300m, 400m, 400m, 500m, 500m. Row the first 500m at a moderate pace, then 500m at an intense pace, then 400m moderate, then 400m intense, and so on down to 100 meters, then work your way back up to 500 meters in the same manner.",B-D-D-D-C-E-C-E-C-C-E-C-E-C-C-E-C-E-C-C-E-C-E-C-C-E-C-E-C-B-E-C-E-C-B-E-C-E-C-B-E-C-E-C-B-E-C-E-E  ,Short
52,5 x 4 min / 1 min easy,Row five 4 minute pieces. Row for one minute at light pressure between each piece.,B-D-D-B-B-B-B-A-A-A-A-B-E  ,Short
53,2 x 2000m rate increase / 4 min easy,"Row two 2000 meter pieces. In each piece the first 1000m @ 24 spm. Then 500m @ 26 spm, 250m @ 28 and 250m @ 30. Row for four minutes at light pressure during the rest period.",B-D-D-A-D-B-B-A-C-C-C-C-C-A-A-A-A-B-B-B-B-E  ,Short
54,6 x 500m / 2 min easy,Row six 500 meter pieces. Row for two minutes at light pressure between each 500.,B-D-D-A-A-A-A-A-B-B-E  ,Short
55,5000m with rate changes every 1000m: 22-24-26-24-22,"Row for a total of 5000 meters at a sustainable intensity, varying your stroke rate as follows: row 1000 meters @ 22 spm, 1000 meters @ 24 spm, 1000 meters @ 26 spm, 1000 meters @ 24 spm, and 1000 meters @ 22 spm.",B-A-B  ,Short
56,5000m with rate changes every 1000m: 25-22-25-28-25,"Row a 5000 meter piece at a sustainable intensity, varying your stroke rate as follows: row 1000 meters @ 25 spm, 1000 meters @ 22 spm, 1000 meters @ 25 spm, 1000 meters @ 28 spm, and 1000 meters @ 25 spm.",B-A-B  ,Short
57,6 x 2 min / 1 min easy,Row six 2 minute pieces. Row for one minute at light pressure between each piece.,B-D-D-B-B-A-A-A-A-B-E  ,Short
58,4 x 3 min / 2 min easy,Row four 3 minute pieces. Row for two minutes at light pressure between each piece.,B-D-D-B-B-B-A-A-A-A-B-B-E  ,Short
59,3 x 1000m / 2 min easy,Row three 1000 meter pieces. Row for two minutes at light pressure between each 1000.,B-D-D-A-D-B-A-C-C-C-C-C-A-A-A-A-B-B-E  ,Short
60,2 x 2000m @ 26 spm / 4 min easy,Row two 2000 meter pieces @ 26 spm. Row for four minutes at light pressure during the rest period.,B-D-D-A-D-B-B-A-C-C-C-C-C-A-A-A-A-B-B-B-B-E  ,Short
61,12 x 250m / 45 sec easy,"Pre-set a work distance of 250 meters and a rest time of 45 seconds. Row 12 intervals at a challenging intensity, with light rowing between pieces.",B-D-D-A-C-C-C-A-B-B-B-B-B-A-A-A-A-B-B-B-B-A-B-B-B-B-B-E  ,Short
62,15 minutes with rate increase,"Row a single 15 minute piece. The first five minutes @ 20 spm. Then four minutes @ 22 spm, three @ 24, two @ 26 and one @ 28.",B-D-B-C-C-A-B-B-B-B-B-E  ,Short
63,High Intensity Interval Pyramid starting at 250 meters,"Set your monitor for a variable interval workout as follows, with no rest between intervals: 250m, 250m, 200m, 200m, 150m, 150m, 100m, 100m, 150m, 150m, 200m, 200m, 250m, 250m. Row the first 250m at a moderate pace, then 250m at an intense pace, then 200m moderate, then 200m intense, and so on down to 100 meters, then work your way back up to 250 meters in the same manner.",B-D-D-D-C-C-C-C-A-B-B-B-B-B-E-C-E-C-A-C-C-C-C-C-E-C-E-C-C-A-B-B-B-B-B-E-C-E-C-A-C-C-C-C-C-E-C-E-C-A-B-B-B-B-B-E-C-E-C-B-A-C-C-C-C-C-E-C-E-C-A-B-B-B-B-B-E-C-E-E  ,Short
64,5 x 500m / 2 min easy,Row five 500 meter pieces. Row for two minutes at light pressure between each 500.,B-D-D-A-A-A-A-A-B-B-E  ,Short
65,20 x 20 sec / 40 sec easy,"Row twenty 20 second all-out bursts with 40 seconds of light rowing in between. If you have a lot of rowing experience, you may want to row these pieces at a slightly higher damper setting to add more of a strength-building component to the workout.",B-D-D-B-A-B-B-D-C-A-A-A-A-A-B-B-B-B-E  ,Short
66,9 x  1 min 40 sec / 20 sec easy with a longer 2 min rest at the halfway point.,"Row nine intervals of 1 minute 40 seconds, with 20 seconds of rest in between each piece with the exception of 2 minutes of rest after the fifth interval.",B-D-D-D-D-A-B-B-B-B-A-A-A-A-B-B-E-D-E-D-E-D-E-D-A-A-A-A-B-B-A-C-C-E-D-A-A-A-A-A-B-B-D-C-C-E-D-E-D-E-D-E-E  ,Short
67,4 x 750m / 1 min easy,Row four 750 meter pieces. Row for one minute at light pressure between each 750.,B-D-D-A-B-B-A-B-B-B-B-B-A-A-A-B-E  ,Short
68,20 x 20 sec / 40 sec easy,"Row twenty 20 second all-out bursts with 40 seconds of light rowing in between. If you have a lot of rowing experience, you may want to row these pieces at a slightly higher damper setting to add more of a strength-building component to the workout.",B-D-D-B-A-B-B-D-C-A-A-A-A-A-B-B-B-B-E  ,Short
69,4 x 1000m / 1 min easy,Row four 1000 meter pieces. Row for one minute at light pressure between each 1000.,B-D-D-A-D-B-A-C-C-C-C-C-A-A-A-A-B-E  ,Short
70,5000m time trial,"This is one of the monitor's preset standard workouts. Row a 5000 meter time trial, going for your personal best. After you've rowed, enter your result in the Online Ranking and see where you stand with others of your age, gender and weight class.",B-A-B  ,Short
71,12 x 250m / 250m easy,Row 12 hard 250 meter pieces. Row for 250 meters at light pressure between each piece.,B-D-A-B-B-B-B-E  ,Short
72,3 x 5 min / 3 min easy,Row three 5 minute pieces. Row for three minutes at light pressure between each piece.,B-D-D-B-B-B-B-B-A-A-A-A-B-B-B-E  ,Short
73,4 x 1000m / 1 min easy,Row four 1000 meter pieces. Row for one minute at light pressure between each 1000.,B-D-D-A-D-B-A-C-C-C-C-C-A-A-A-A-B-E  ,Short
74,5000m with rate changes every 1000m: 22-24-26-24-22,"Row for a total of 5000 meters at a sustainable intensity, varying your stroke rate as follows: row 1000 meters @ 22 spm, 1000 meters @ 24 spm, 1000 meters @ 26 spm, 1000 meters @ 24 spm, and 1000 meters @ 22 spm.",B-A-B  ,Short
75,8 x 500m / 1 min easy,Row eight 500 meter pieces. Row for one minute at light pressure between each 500.,B-A-E  ,Short
76,5000m with rate changes every 1000m: 25-22-25-28-25,"Row a 5000 meter piece at a sustainable intensity, varying your stroke rate as follows: row 1000 meters @ 25 spm, 1000 meters @ 22 spm, 1000 meters @ 25 spm, 1000 meters @ 28 spm, and 1000 meters @ 25 spm.",B-A-B  ,Short
77,20 x 30 sec / 30 sec easy,"Row twenty 30 second all-out bursts with 30 seconds of light rowing in between. If you have a lot of rowing experience, you may want to row these pieces at a slightly higher damper setting to add more of a strength-building component to the workout.",B-D-D-B-A-B-B-B-D-C-A-A-A-A-A-B-B-B-E  ,Short
78,"2 min, 3 min, 4 min, 3 min, 2 min pyramid / 2 min easy","Pre-set the monitor for 22 minutes. Row five intervals in a pyramid of 2-3-4-3-2 minutes, with two minutes of rest in between each piece.",B-D-D-D-D-B-A-A-A-A-B-B-E-D-B-E-D-B-E-D-C-E-D-C-E-E  ,Short
79,2 x 10 min short intervals,Pre-set the monitor for a work time of 10:00 and a rest time of 4:00. Each interval alternate between 40 seconds fast rowing and 20 seconds easy rowing. During the rest time continue rowing at light pressure.,B-D-D-B-D-B-A-C-A-A-A-A-B-B-B-B-E  ,Short
80,2 x 10 min short intervals,Pre-set the monitor for a work time of 10:00 and a rest time of 4:00. Each interval alternate between 40 seconds fast rowing and 20 seconds easy rowing. During the rest time continue rowing at light pressure.,B-D-D-B-D-B-A-C-A-A-A-A-B-B-B-B-E  ,Short
81,2 x 2000m rate increase / 4 min easy,"Row two 2000 meter pieces. In each piece, row the first 1000 meters @ 26 spm. Then 500 meters @ 28 spm, 250 meters @ 30 spm and 250 meters @ 32 spm. Row for four minutes at light pressure during the rest period.",B-D-D-A-D-B-B-A-C-C-C-C-C-A-A-A-A-B-B-B-B-E  ,Short
82,5000m with rate changes every 1000m: 22-26-22-26-22,"Row for a total of 5000 meters at a sustainable intensity, varying your stroke rate as follows: row 1000 meters @ 22 spm, 1000 meters @ 26 spm, 1000 meters @ 22 spm, 1000 meters @ 26 spm, and 1000 meters @ 22 spm.",B-A-B  ,Short
83,8 x 2 min @ 28 spm / 1 min easy,Row eight 2 minute pieces at a stroke rate of 28. Row for one minute at light pressure between each piece.,B-D-D-B-B-A-A-A-A-B-E  ,Short
84,5 x 1000m / 1 min easy,Row five 1000 meter pieces. Row for one minute at light pressure between each 1000.,B-D-D-A-D-B-A-C-C-C-C-C-A-A-A-A-B-E  ,Short
85,5000m time trial,"This is one of the monitor's preset standard workouts. Row a 5000 meter time trial, going for your personal best. After you've rowed, enter your result in the Online Ranking and see where you stand with others of your age, gender and weight class.",B-A-B  ,Short
86,5000m with rate changes every 1000m: 26-24-22-24-26,"Row for a total of 5000 meters at a sustainable intensity, varying your stroke rate as follows: row 1000 meters @ 26 spm, 1000 meters @ 24 spm, 1000 meters @ 22 spm, 1000 meters @ 24 spm, and 1000 meters @ 26 spm.",B-A-B  ,Short
87,5 x 4 min / 1 min easy,Row five 4 minute pieces. Row for one minute at light pressure between each piece.,B-D-D-B-B-B-B-A-A-A-A-B-E  ,Short
88,5000m with rate changes every 1000m: 22-26-22-26-22,"Row for a total of 5000 meters at a sustainable intensity, varying your stroke rate as follows: row 1000 meters @ 22 spm, 1000 meters @ 26 spm, 1000 meters @ 22 spm, 1000 meters @ 26 spm, and 1000 meters @ 22 spm.",B-A-B  ,Short
89,5 x 1000m / 1 min easy,Row five 1000 meter pieces. Row for one minute at light pressure between each 1000.,B-D-D-A-D-B-A-C-C-C-C-C-A-A-A-A-B-E  ,Short
90,7 x 1min @ 26 spm / 30 sec easy,Row seven 1 minute pieces at a stroke rate of 26. Row for 30 seconds at light pressure between each piece.,B-D-D-B-A-A-A-A-A-B-B-B-E  ,Short
91,5000m with rate changes every 1000m: 22-26-22-26-22,"Row for a total of 5000 meters at a sustainable intensity, varying your stroke rate as follows: row 1000 meters @ 22 spm, 1000 meters @ 26 spm, 1000 meters @ 22 spm, 1000 meters @ 26 spm, and 1000 meters @ 22 spm.",B-A-B  ,Short
92,5000m time trial,"This is one of the monitor's preset standard workouts. Row a 5000 meter time trial, going for your personal best. After you've rowed, enter your result in the Online Ranking and see where you stand with others of your age, gender and weight class.",B-A-B  ,Short
93,2 x 10 min short intervals,Pre-set the monitor for a work time of 10:00 and a rest time of 4:00. Each interval alternate between 40 seconds fast rowing and 20 seconds easy rowing. During the rest time continue rowing at light pressure.,B-D-D-B-D-B-A-C-A-A-A-A-B-B-B-B-E  ,Short
94,5 x 1000m / 1 min easy,Row five 1000 meter pieces. Row for one minute at light pressure between each 1000.,B-D-D-A-D-B-A-C-C-C-C-C-A-A-A-A-B-E  ,Short
95,5 x 3 min / 2 min easy,Row five 3 minute pieces. Row for two minutes at light pressure between each piece.,B-D-D-B-B-B-A-A-A-A-B-B-E  ,Short
96,2000 meter time trial,"Row a 2000 meter time trial, going for your personal best. After you've rowed, enter your time in the Online Ranking and see where you stand with others of your age, gender and weight class.",B-A-A  ,Short
97,1000 meter time trial,"Row a 1000 meter time trial, going for your personal best. After you've rowed, enter your time in the Online Ranking and see where you stand with others of your age, gender and weight class.",B-D-A-C-E  ,Short
98,4 x 3 min / 2 min easy,Row four 3 minute pieces. Row for two minutes at light pressure between each piece.,B-D-D-B-B-B-A-A-A-A-B-B-E  ,Short
99,5000m with rate changes every 1000m: 28-24-20-24-28,"Row for a total of 5000 meters at a sustainable intensity, varying your stroke rate as follows: row 1000 meters @ 28 spm, 1000 meters @ 24 spm, 1000 meters @ 20 spm, 1000 meters @ 24 spm, and 1000 meters @ 28 spm.",B-A-B  ,Short
100,4 x 3 min / 1 min easy,Row four 3 minute pieces. Row for one minute at light pressure between each piece.,B-D-D-B-B-B-A-A-A-A-B-E  ,Short
101,3 x 750m / 1 min easy,Row three 750 meter pieces. Row for one minute at light pressure between each 750.,B-D-D-A-B-B-A-B-B-B-B-B-A-A-A-B-E  ,Short
102,20 minutes with bursts,"Row a single 20 minute piece at a consistent pace. Every four minutes, row ten strokes hard and then return to your previous pace.",B-D-B-C-E  ,Short
103,3 x 3 min / 2 min easy,Row three 3 minute pieces. Row for two minutes at light pressure between each piece.,B-D-D-B-B-B-A-A-A-A-B-B-E  ,Short
104,4 x 3 min / 1 min easy,Row four 3 minute pieces. Row for one minute at light pressure between each piece.,B-D-D-B-B-B-A-A-A-A-B-E  ,Short
105,2 x 2000m @ 26 spm / 4 min easy,Row two 2000 meter pieces @ 26 spm. Row for four minutes at light pressure during the rest period.,B-D-D-A-D-B-B-A-C-C-C-C-C-A-A-A-A-B-B-B-B-E  ,Short
106,"2 min, 3 min, 4 min, 3 min, 2 min pyramid / 2 min easy","Pre-set the monitor for 22 minutes. Row five intervals in a pyramid of 2-3-4-3-2 minutes, with two minutes of rest in between each piece.",B-D-D-D-D-B-A-A-A-A-B-B-E-D-B-E-D-B-E-D-C-E-D-C-E-E  ,Short
107,20 minutes with bursts,"Row a single 20 minute piece at a consistent pace. Every four minutes, row ten strokes hard and then return to your previous pace.",B-D-B-C-E  ,Short
108,5 x 1500m / 1 min easy,Row five 1500 meter pieces. Row for one minute at light pressure between each piece.,B-D-D-A-D-B-A-A-A-A-A-B-E  ,Medium
109,4 x 6 min / 2 min easy,Row four 6 minute pieces. Row for two minutes at light pressure between each piece.,B-D-D-B-B-B-B-B-B-A-A-A-A-B-B-E  ,Medium
110,40 minutes,Row a single 40 minute piece. Aim for a consistent pace throughout.,B-D-B-B-E  ,Medium
111,3 x 6 min / 4 min easy,Row three 6 minute pieces. Row for four minutes at light pressure between each piece.,B-D-D-B-B-B-B-B-B-A-A-A-A-B-B-B-B-E  ,Medium
112,5 x 5 min / 2 min easy,Row five 5 minute pieces. Row for two minutes at light pressure between each piece.,B-D-D-B-B-B-B-B-A-A-A-A-B-B-E  ,Medium
113,4 x 8 min / 2 min easy,Row four 8 minute pieces. Row for two minutes at light pressure between each piece.,B-D-D-B-B-B-B-B-B-B-B-A-A-A-A-B-B-E  ,Medium
114,2-3-4-5-4-3-2 min pyramid / 2 min easy,"Pre-set the monitor for 35 minutes. Row seven intervals in a pyramid of 2-3-4-5-4-3-2 minutes, with two minutes of rest in between each piece. Two minutes hard, two light, three hard, two light, four hard and so on.",B-D-D-D-D-B-A-A-A-A-B-B-E-D-B-E-D-B-E-D-B-E-D-C-E-D-C-E-D-C-E  ,Medium
115,40 minutes,Row a single 40 minute piece. Aim for a consistent pace throughout.,B-D-B-B-E  ,Medium
116,6 x 4 min / 2 min easy,Row six 4 minute pieces. Row for two minutes at light pressure between each piece.,B-D-D-B-B-B-B-A-A-A-A-B-B-E  ,Medium
117,5 x 5 min / 2 min easy,Row five 5 minute pieces. Row for two minutes at light pressure between each piece.,B-D-D-B-B-B-B-B-A-A-A-A-B-B-E  ,Medium
118,8 x 1000m / 1 min easy,Row eight 1000 meter pieces. Row for one minute at light pressure between each 1000.,B-D-D-A-D-B-A-C-C-C-C-C-A-A-A-A-B-E  ,Medium
119,2 x 4000m rate increase / 4 min easy,"Row two 4000 meter pieces. In each piece the first 2000m @ 22 spm. Then 1000m @ 24 spm, 500m @ 26 and 500m @ 28. Row for four minutes at light pressure during the rest period.",B-D-D-A-D-B-B-B-B-A-C-C-C-C-C-A-A-A-A-B-B-B-B-E  ,Medium
120,28 minutes with rate increase,"Row a single 28 minute piece. Row the first seven minutes @ 18 spm. Then six minutes @ 20 spm, five @ 22, four @ 24, three @ 26, two @ 28 and one @ 30.",B-D-B-C-A-B-B-B-B-B-B-B-B-E  ,Medium
121,6 x 3 min / 3 min easy,Row six 3 minute pieces. Row for three minutes at light pressure between each piece.,B-D-D-B-B-B-A-A-A-A-B-B-B-E  ,Medium
122,"10,000m with rate changes every 2000m: 24-22-24-26-24","Row a 10,000 meter piece at a sustainable intensity, varying your stroke rate as follows: row 2000 meters @ 24 spm, 2000 meters @ 22 spm, 2000 meters @ 24 spm, 2000 meters @ 26 spm, and 2000 meters @ 24 spm.",B-A-C  ,Medium
123,3 x 2000m / 1 min easy,Row three 2000 meter pieces. Row for one minute at light pressure between each 2000.,B-D-D-A-D-B-B-A-C-C-C-C-C-A-A-A-A-B-E  ,Medium
124,"10,000m with rate changes every 2000m: 26-24-22-24-26","Row for a total of 10,000 meters at a sustainable intensity, varying your stroke rate as follows: row 2000 meters @ 26 spm, 2000 meters @ 24 spm, 2000 meters @ 22 spm, 2000 meters @ 24 spm, and 2000 meters @ 26 spm.",B-A-C  ,Medium
125,"10,000m with rate changes every 2000m: 22-24-26-24-22","Row for a total of 10,000 meters at a sustainable intensity, varying your stroke rate as follows: row 2000 meters @ 22 spm, 2000 meters @ 24 spm, 2000 meters @ 26 spm, 2000 meters @ 24 spm, and 2000 meters @ 22 spm.",B-A-C  ,Medium
126,6 x 3 min / 3 min easy,Row six 3 minute pieces. Row for three minutes at light pressure between each piece.,B-D-D-B-B-B-A-A-A-A-B-B-B-E  ,Medium
127,3 x 2000m / 3 min easy,Row three 2000 meter pieces. Row for three minutes at light pressure between each 2000.,B-D-D-A-D-B-B-A-C-C-C-C-C-A-A-A-A-B-B-B-E  ,Medium
128,30 minute time trial,"Row a 30 minute time trial, going for your personal best. After you've rowed, enter your result in the Online Ranking and see where you stand with others of your age, gender and weight class.",B-A-D  ,Medium
129,3 x 2000m / 1 min easy,Row three 2000 meter pieces. Row for one minute at light pressure between each 2000.,B-D-D-A-D-B-B-A-C-C-C-C-C-A-A-A-A-B-E  ,Medium
130,"10,000m with rate changes every 2000m: 22-24-26-24-22","Row for a total of 10,000 meters at a sustainable intensity, varying your stroke rate as follows: row 2000 meters @ 22 spm, 2000 meters @ 24 spm, 2000 meters @ 26 spm, 2000 meters @ 24 spm, and 2000 meters @ 22 spm.",B-A-C  ,Medium
131,6 x 4 min / 3 min easy,Row six 4 minute pieces. Row for three minutes at light pressure between each piece.,B-D-D-B-B-B-B-A-A-A-A-B-B-B-E  ,Medium
132,40 minutes with rate change 22-24-26,"Row a 40 minute piece at moderate intensity, changing stroke rate every two minutes as follows: start at 22 spm, then 24 spm, then 26, 24, 22, 24 and so on.",B-D-B-B-E  ,Medium
133,3 x 2000m rate increase / 4 min easy,"Row three 2000 meter pieces. In each piece the first 1000m @ 24 spm. Then 500m @ 26 spm, 250m @ 28 and 250m @ 30. Row for four minutes at light pressure during the rest period.",B-D-D-A-D-B-B-A-C-C-C-C-C-A-A-A-A-B-B-B-B-E  ,Medium
134,3 x 8 min / 2 min easy,Row three 8 minute pieces. Row for two minutes at light pressure between each piece.,B-D-D-B-B-B-B-B-B-B-B-A-A-A-A-B-B-E  ,Medium
135,5 x 1500m / 1 min easy,Row five 1500 meter pieces. Row for one minute at light pressure between each piece.,B-D-D-A-D-B-A-A-A-A-A-B-E  ,Medium
136,"10,000 meter time trial","Row a 10,000 meter time trial, going for your personal best. After you've rowed, enter your time in the Online Ranking and see where you stand with others of your age, gender and weight class.",B-A-C  ,Medium
137,3 x 6 min / 4 min easy,Row three 6 minute pieces. Row for four minutes at light pressure between each piece.,B-D-D-B-B-B-B-B-B-A-A-A-A-B-B-B-B-E  ,Medium
138,"10,000m with rate changes every 2000m: 22-26-22-26-22","Row for a total of 10,000 meters at a sustainable intensity, varying your stroke rate as follows: row 2000 meters @ 22 spm, 2000 meters @ 26 spm, 2000 meters @ 22 spm, 2000 meters @ 26 spm, and 2000 meters @ 22 spm.",B-A-C  ,Medium
139,40 minutes with rate change 22-24,"Row a 40 minute piece at moderate intensity, changing stroke rate every two minutes as follows: start at 22 spm, then 24 spm, back to 22 spm and so on.",B-D-B-B-E  ,Medium
140,4 x 6 min / 3 min easy,Row four 6 minute pieces. Row for three minutes at light pressure between each piece.,B-D-D-B-B-B-B-B-B-A-A-A-A-B-B-B-E  ,Medium
141,4 x 8 min / 2 min easy,Row four 8 minute pieces. Row for two minutes at light pressure between each piece.,B-D-D-B-B-B-B-B-B-B-B-A-A-A-A-B-B-E  ,Medium
142,12 x 500m / 2 min easy,Row twelve 500 meter pieces. Row for two minutes at light pressure between each 500.,B-D-D-A-A-A-A-A-B-B-E  ,Medium
143,2 x 4000m rate increase / 4 min easy,"Row two 4000 meter pieces. In each piece the first 2000m @ 22 spm. Then 1000m @ 24 spm, 500m @ 26 and 500m @ 28. Row for four minutes at light pressure during the rest period.",B-D-D-A-D-B-B-B-B-A-C-C-C-C-C-A-A-A-A-B-B-B-B-E  ,Medium
144,3 x 2000m rate increase / 4 min easy,"Row three 2000 meter pieces. In each piece the first 1000m @ 24 spm. Then 500m @ 26 spm, 250m @ 28 and 250m @ 30. Row for four minutes at light pressure during the rest period.",B-D-D-A-D-B-B-A-C-C-C-C-C-A-A-A-A-B-B-B-B-E  ,Medium
145,3 x 1500m / 3 min easy,Row three 1500 meter pieces. Row for three minutes at light pressure between each 1500.,B-D-D-A-D-B-A-A-A-A-A-B-B-B-E  ,Medium
146,5 x 6 min / 1 min easy,Row five 6 minute pieces. Row for one minute at light pressure between each piece.,B-D-D-B-B-B-B-B-B-A-A-A-A-B-E  ,Medium
147,3 x 10 min / 4 min easy,Row three 10 minute pieces. Row for four minutes at light pressure between each piece.,B-D-D-B-D-B-A-C-A-A-A-A-B-B-B-B-E  ,Medium
148,40 minutes with rate change 22-24,"Row a 40 minute piece at moderate intensity, changing stroke rate every two minutes as follows: start at 22 spm, then 24 spm, back to 22 spm and so on.",B-D-B-B-E  ,Medium
149,"2000m, 1500m, 1000m, 500m / 3 min easy","Row four intervals of 2000m, 1500m, 1000m and 500m, with three minutes of rest in between each piece.",B-D-D-D-C-D-B-B-A-C-C-C-C-C-A-A-A-A-B-B-B-E-C-B-B-B-B-B-D-C-E-C-C-C-C-C-C-E-C-B-B-B-B-B-D-C-E-E  ,Medium
150,"10,000m with rate changes every 2000m: 24-22-24-26-24","Row a 10,000 meter piece at a sustainable intensity, varying your stroke rate as follows: row 2000 meters @ 24 spm, 2000 meters @ 22 spm, 2000 meters @ 24 spm, 2000 meters @ 26 spm, and 2000 meters @ 24 spm.",B-A-C  ,Medium
151,4 x 2000m / 2 min easy,Row four 2000 meter pieces. Row for two minutes at light pressure between each 2000.,B-D-D-A-D-B-B-A-C-C-C-C-C-A-A-A-A-B-B-E  ,Medium
152,30 minute time trial,"Row a 30 minute time trial, going for your personal best. After you've rowed, enter your result in the Online Ranking and see where you stand with others of your age, gender and weight class.",B-A-D  ,Medium
153,3 x 8 min with level change,Pre-set the monitor for a work time of 8:00 and a rest time of 4:00.Let your stroke rate vary as follows per interval:,,
154,"First interval: 3 minutes @20, 1 minute @24, 3 minutes @22, 1 minute @26 Second interval: 2 minutes @20, 2 minutes @24, 2 minutes @22, 2 minutes @26 Third interval: 1 minute @20, 3 minutes @24, 1 minute @22, 3 minutes @26.",,,
155,During the rest time continue rowing at light pressure.,B-D-D-B-B-B-B-B-B-B-B-A-A-A-A-B-B-B-B-E  ,Medium, 
156,40 minutes with rate change 22-24-26,"Row a 40 minute piece at moderate intensity, changing stroke rate every two minutes as follows: start at 22 spm, then 24 spm, then 26, 24, 22, 24 and so on.",B-D-B-B-E  ,Medium
157,3 x 3000m / 2 min easy,Row three 3000 meter pieces. Row for two minutes at light pressure between each piece.,B-D-D-A-D-B-B-B-A-C-C-C-C-C-A-A-A-A-B-B-E  ,Medium
158,3 x 10 min / 4 min easy,Row three 10 minute pieces. Row for four minutes at light pressure between each piece.,B-D-D-B-D-B-A-C-A-A-A-A-B-B-B-B-E  ,Medium
159,4 x 1500m / 2 min easy,Row four 1500 meter pieces. Row for two minutes at light pressure between each 1500.,B-D-D-A-D-B-A-A-A-A-A-B-B-E  ,Medium
160,3 x 1500m / 3 min easy,Row three 1500 meter pieces. Row for three minutes at light pressure between each 1500.,B-D-D-A-D-B-A-A-A-A-A-B-B-B-E  ,Medium
161,"10,000m with rate changes every 2000m: 26-24-22-24-26","Row for a total of 10,000 meters at a sustainable intensity, varying your stroke rate as follows: row 2000 meters @ 26 spm, 2000 meters @ 24 spm, 2000 meters @ 22 spm, 2000 meters @ 24 spm, and 2000 meters @ 26 spm.",B-A-C  ,Medium
162,"10,000m with rate changes every 2000m: 24-22-24-26-24","Row a 10,000 meter piece at a sustainable intensity, varying your stroke rate as follows: row 2000 meters @ 24 spm, 2000 meters @ 22 spm, 2000 meters @ 24 spm, 2000 meters @ 26 spm, and 2000 meters @ 24 spm.",B-A-C  ,Medium
163,5 x 5 min / 2 min easy,Row five 5 minute pieces. Row for two minutes at light pressure between each piece.,B-D-D-B-B-B-B-B-A-A-A-A-B-B-E  ,Medium
164,3 x 3000m / 2 min easy,Row three 3000 meter pieces. Row for two minutes at light pressure between each piece.,B-D-D-A-D-B-B-B-A-C-C-C-C-C-A-A-A-A-B-B-E  ,Medium
165,3 x 1500m / 3 min easy,Row three 1500 meter pieces. Row for three minutes at light pressure between each 1500.,B-D-D-A-D-B-A-A-A-A-A-B-B-B-E  ,Medium
166,6 x 1000m / 3 min easy,Row six 1000 meter pieces. Row for three minutes at light pressure between each 1000.,B-D-D-A-D-B-A-C-C-C-C-C-A-A-A-A-B-B-B-E  ,Medium
167,"10,000 meter time trial","Row a 10,000 meter time trial, going for your personal best. After you've rowed, enter your time in the Online Ranking and see where you stand with others of your age, gender and weight class.",B-A-C  ,Medium
168,3 x 2000m / 3 min easy,Row three 2000 meter pieces. Row for three minutes at light pressure between each 2000.,B-D-D-A-D-B-B-A-C-C-C-C-C-A-A-A-A-B-B-B-E  ,Medium
169,3 x 8 min / 2 min easy,Row three 8 minute pieces. Row for two minutes at light pressure between each piece.,B-D-D-B-B-B-B-B-B-B-B-A-A-A-A-B-B-E  ,Medium
170,4 x 6 min / 2 min easy,Row four 6 minute pieces. Row for two minutes at light pressure between each piece.,B-D-D-B-B-B-B-B-B-A-A-A-A-B-B-E  ,Medium
171,6 x 4 min / 2 min easy,Row six 4 minute pieces. Row for two minutes at light pressure between each piece.,B-D-D-B-B-B-B-A-A-A-A-B-B-E  ,Medium
172,28 minutes with rate increase,"Row a single 28 minute piece. Row the first seven minutes @ 18 spm. Then six minutes @ 20 spm, five @ 22, four @ 24, three @ 26, two @ 28 and one @ 30.",B-D-B-C-A-B-B-B-B-B-B-B-B-E  ,Medium
173,10 x 2 min / 1 min easy,"Pre-set the monitor for a work time of 2:00 and a rest time of 1:00. Alternate two minutes of fairly intense rowing with one minute of relaxed rowing, for a total of 30 minutes.",B-D-D-B-B-A-A-A-A-B-E  ,Medium
174,"10,000m with rate changes every 2000m: 22-24-26-28-24","Row for a total of 10,000 meters at a sustainable intensity, varying your stroke rate as follows: row 2000 meters @ 22 spm, 2000 meters @ 24 spm, 2000 meters @ 26 spm, 2000 meters @ 28 spm, and 2000 meters @ 24 spm.",B-A-C  ,Medium
175,3 x 3000m / 2 min easy,Row three 3000 meter pieces. Row for two minutes at light pressure between each piece.,B-D-D-A-D-B-B-B-A-C-C-C-C-C-A-A-A-A-B-B-E  ,Medium
176,4 x 2000m / 1 min easy,Row four 2000 meter pieces. Row for one minute at light pressure between each 2000.,B-D-D-A-D-B-B-A-C-C-C-C-C-A-A-A-A-B-E  ,Medium
177,4 x 5 min / 3 min easy,Row four 5 minute pieces. Row for three minutes at light pressure between each piece.,B-D-D-B-B-B-B-B-A-A-A-A-B-B-B-E  ,Medium
178,4 x 6 min / 3 min easy,Row four 6 minute pieces. Row for three minutes at light pressure between each piece.,B-D-D-B-B-B-B-B-B-A-A-A-A-B-B-B-E  ,Medium
179,3 x 2000m / 2 min easy,Row three 2000 meter pieces. Row for two minutes at light pressure between each 2000.,B-D-D-A-D-B-B-A-C-C-C-C-C-A-A-A-A-B-B-E  ,Medium
180,4 x 6 min / 2 min easy,Row four 6 minute pieces. Row for two minutes at light pressure between each piece.,B-D-D-B-B-B-B-B-B-A-A-A-A-B-B-E  ,Medium
181,2 x 15 min @ 26 spm / 4 min easy,Row two 15 minute pieces @ 26 spm. Row for four minutes at light pressure during the rest period.,B-D-D-B-D-B-A-B-B-B-B-A-A-A-A-B-B-B-B-E  ,Medium
182,8 x 1000m / 1 min easy,Row eight 1000 meter pieces. Row for one minute at light pressure between each 1000.,B-D-D-A-D-B-A-C-C-C-C-C-A-A-A-A-B-E  ,Medium
183,3 x 8 min / 4 min easy,Row three 8 minute pieces. Row for four minutes at light pressure between each piece.,B-D-D-B-B-B-B-B-B-B-B-A-A-A-A-B-B-B-B-E  ,Medium
184,"10,000m with rate changes every 2000m: 22-26-22-26-22","Row for a total of 10,000 meters at a sustainable intensity, varying your stroke rate as follows: row 2000 meters @ 22 spm, 2000 meters @ 26 spm, 2000 meters @ 22 spm, 2000 meters @ 26 spm, and 2000 meters @ 22 spm.",B-A-C  ,Medium
185,"10,000m with rate changes every 2000m: 22-24-26-28-24","Row for a total of 10,000 meters at a sustainable intensity, varying your stroke rate as follows: row 2000 meters @ 22 spm, 2000 meters @ 24 spm, 2000 meters @ 26 spm, 2000 meters @ 28 spm, and 2000 meters @ 24 spm.",B-A-C  ,Medium
186,3 x 8 min / 2 min easy,Row three 8 minute pieces. Row for two minutes at light pressure between each piece.,B-D-D-B-B-B-B-B-B-B-B-A-A-A-A-B-B-E  ,Medium
187,3 x 2000m rate increase / 4 min easy,"Row three 2000 meter pieces. In each piece the first 1000m @ 24 spm. Then 500m @ 26 spm, 250m @ 28 and 250m @ 30. Row for four minutes at light pressure during the rest period.",B-D-D-A-D-B-B-A-C-C-C-C-C-A-A-A-A-B-B-B-B-E  ,Medium
188,3 x 2000m / 2 min easy,Row three 2000 meter pieces. Row for two minutes at light pressure between each 2000.,B-D-D-A-D-B-B-A-C-C-C-C-C-A-A-A-A-B-B-E  ,Medium
189,"10,000m with rate changes every 2000m: 24-22-24-26-24","Row a 10,000 meter piece at a sustainable intensity, varying your stroke rate as follows: row 2000 meters @ 24 spm, 2000 meters @ 22 spm, 2000 meters @ 24 spm, 2000 meters @ 26 spm, and 2000 meters @ 24 spm.",B-A-C  ,Medium
190,8 x 500m / 2 min easy,Row eight 500 meter pieces. Row for two minutes at light pressure between each 500.,B-D-D-A-A-A-A-A-B-B-E  ,Medium
191,6 x 5 min / 2 min easy,Row six 5 minute pieces. Row for two minutes at light pressure between each piece.,B-D-D-B-B-B-B-B-A-A-A-A-B-B-E  ,Medium
192,2 x 4000m rate increase / 4 min easy,"Row two 4000 meter pieces. In each piece the first 2000m @ 22 spm. Then 1000m @ 24 spm, 500m @ 26 and 500m @ 28. Row for four minutes at light pressure during the rest period.",B-D-D-A-D-B-B-B-B-A-C-C-C-C-C-A-A-A-A-B-B-B-B-E  ,Medium
193,6 x 3 min / 2 min easy,Row six 3 minute pieces. Row for two minutes at light pressure between each piece.,B-D-D-B-B-B-A-A-A-A-B-B-E  ,Medium
194,8 x 1000m / 2 min easy,Row eight 1000 meter pieces. Row for two minutes at light pressure between each 1000.,B-D-D-A-D-B-A-C-C-C-C-C-A-A-A-A-B-B-E  ,Medium
195,6 x 4 min / 2 min easy,Row six 4 minute pieces. Row for two minutes at light pressure between each piece.,B-D-D-B-B-B-B-A-A-A-A-B-B-E  ,Medium
196,6 x 1000m / 2 min easy,Row six 1000 meter pieces. Row for two minutes at light pressure between each 1000.,B-D-D-A-D-B-A-C-C-C-C-C-A-A-A-A-B-B-E  ,Medium
197,10 x 2 min / 1 min easy,"Pre-set the monitor for a work time of 2:00 and a rest time of 1:00. Alternate two minutes of fairly intense rowing with one minute of relaxed rowing, for a total of 30 minutes.",B-D-D-B-B-A-A-A-A-B-E  ,Medium
198,4 x 6 min / 2 min easy,Row four 6 minute pieces. Row for two minutes at light pressure between each piece.,B-D-D-B-B-B-B-B-B-A-A-A-A-B-B-E  ,Medium
199,10 x 500m / 2 min easy,Row ten 500 meter pieces. Row for two minutes at light pressure between each 500.,B-D-D-A-A-A-A-A-B-B-E  ,Medium
200,10 x 500m / 2 min easy,Row ten 500 meter pieces. Row for two minutes at light pressure between each 500.,B-D-D-A-A-A-A-A-B-B-E  ,Medium
201,8 x 500m / 2 min easy,Row eight 500 meter pieces. Row for two minutes at light pressure between each 500.,B-D-D-A-A-A-A-A-B-B-E  ,Medium
202,6 x 1000m / 1 min easy,Row six 1000 meter pieces. Row for one minute at light pressure between each 1000.,B-D-D-A-D-B-A-C-C-C-C-C-A-A-A-A-B-E  ,Medium
203,6 x 4 min / 1 min easy,Row six 4 minute pieces. Row for one minute at light pressure between each piece.,B-D-D-B-B-B-B-A-A-A-A-B-E  ,Medium
204,5 x 6 min / 2 min easy,Row five 6 minute pieces. Row for two minutes at light pressure between each piece.,B-D-D-B-B-B-B-B-B-A-A-A-A-B-B-E  ,Medium
205,3 x 2000m rate increase / 4 min easy,"Row three 2000 meter pieces. In each piece the first 1000m @ 24 spm. Then 500m @ 26 spm, 250m @ 28 and 250m @ 30. Row for four minutes at light pressure during the rest period.",B-D-D-A-D-B-B-A-C-C-C-C-C-A-A-A-A-B-B-B-B-E  ,Medium
206,40 minutes with rate change 22-24,"Row a 40 minute piece at moderate intensity, changing stroke rate every two minutes as follows: start at 22 spm, then 24 spm, back to 22 spm and so on.",B-D-B-B-E  ,Medium
207,4 x 6 min / 2 min easy,Row four 6 minute pieces. Row for two minutes at light pressure between each piece.,B-D-D-B-B-B-B-B-B-A-A-A-A-B-B-E  ,Medium
208,4 x 6 min / 2 min easy,Row four 6 minute pieces. Row for two minutes at light pressure between each piece.,B-D-D-B-B-B-B-B-B-A-A-A-A-B-B-E  ,Medium
209,3 x 1500m / 2 min easy,Row three 1500 meter pieces. Row for two minutes at light pressure between each 1500.,B-D-D-A-D-B-A-A-A-A-A-B-B-E  ,Medium
210,6 x 2000m / 3 min easy,Row six 2000 meter pieces. Row for three minutes at light pressure between each 2000.,B-D-D-A-D-B-B-A-C-C-C-C-C-A-A-A-A-B-B-B-E  ,Long
211,"2 x 10,000m / 6 min easy","Row two 10,000 meter pieces. Row for six minutes at light pressure between each piece.",B-D-D-D-C-D-D-B-A-A-C-C-C-C-C-A-A-A-A-B-B-B-B-B-B-E-C-A-A-A-A-C-C-C-C-C-C-E-E  ,Long
212,2 x 8000m / 5 min easy,Row two 8000 meter pieces. Row for five minutes at light pressure between each piece.,B-D-D-A-D-B-B-B-B-B-B-B-B-A-C-C-C-C-C-A-A-A-A-B-B-B-B-B-E  ,Long
213,3 x 5000m / 6 min easy,Row three 5000 meter pieces. Row for six minutes at light pressure between each piece.,B-D-D-A-D-B-B-B-B-B-A-C-C-C-C-C-A-A-A-A-B-B-B-B-B-B-E  ,Long
214,2 x 40 min / 5 min easy,Row two 40 minute pieces. Row for five minutes at light pressure between each piece.,B-D-D-B-D-B-B-B-B-A-C-A-A-A-A-B-B-B-B-B-E  ,Long
215,3 x 4000m rate change 22-24 / 5 min easy,Row three 4000 meter pieces. In each piece change the rate every 1000m. The first 1000m @ 22 spm. Then 1000m @ 24 spm. 1000m @ 22 and 1000m @ 24. Row for five minutes at light pressure during the rest period.,B-D-D-A-D-B-B-B-B-A-C-C-C-C-C-A-A-A-A-B-B-B-B-B-E  ,Long
216,3 x 4000m / 5 min easy,Row three 4000 meter pieces. Row for five minutes at light pressure between each piece.,B-D-D-A-D-B-B-B-B-A-C-C-C-C-C-A-A-A-A-B-B-B-B-B-E  ,Long
217,2 x 6000m rate increase 22-26 / 4 min easy,Row two 6000 meter pieces. In each piece the first 3000m @ 22 spm. Then 2000m @ 24 spm and 1000m @ 26. Row for four minutes at light pressure during the rest period.,B-D-D-A-D-B-B-B-B-B-B-A-C-C-C-C-C-A-A-A-A-B-B-B-B-E  ,Long
218,2 x 30 min / 2 min easy,Row two 30 minute pieces. Row for two minutes at light pressure between each piece.,B-D-D-B-D-B-B-B-A-C-A-A-A-A-B-B-E  ,Long
219,4 x 3000m / 4 min easy,Row four 3000 meter pieces. Row for four minutes at light pressure between each piece.,B-D-D-A-D-B-B-B-A-C-C-C-C-C-A-A-A-A-B-B-B-B-E  ,Long
220,5 x 10 min / 2 min easy,Row five 10 minute pieces. Row for two minutes at light pressure between each piece.,B-D-D-B-D-B-A-C-A-A-A-A-B-B-E  ,Long
221,2 x 6000m rate increase 24-28 / 4 min easy,Row two 6000 meter pieces. In each piece the first 3000m @ 24 spm. Then 2000m @ 26 spm and 1000m @ 28. Row for four minutes at light pressure during the rest period.,B-D-D-A-D-B-B-B-B-B-B-A-C-C-C-C-C-A-A-A-A-B-B-B-B-E  ,Long
222,3 x 21 min with rate increase / 4 min easy,"Row three 21 minute pieces. Row the first six minutes @ 20 spm. Then five minutes @ 22 spm, four @ 24, three @ 26, two @ 28 and one @ 30. Row for four minutes at light pressure between each piece.",B-D-D-B-D-B-B-A-A-A-A-A-B-B-B-B-E  ,Long
223,3 x 20 min / 5 min easy,Row three 20 minute pieces. Row for five minutes at light pressure between each piece.,B-D-D-B-D-B-B-A-C-A-A-A-A-B-B-B-B-B-E  ,Long
224,4 x 12 min with level change,Pre-set the monitor for a work time of 12:00 and a rest time of 4:00.Let your stroke rate vary as follows per interval:,,
225,"First interval: 5 minutes @20, 1 minute @24, 5 minutes @22, 1 minute @26 Second interval: 4 minutes @20, 2 minutes @24, 4 minutes @22, 2 minutes @26 Third interval: 3 minutes @20, 3 minutes @24, 3 minutes @22, 3 minutes @26 Fourth interval: 2 minutes @20, 4 minutes @24, 2 minutes @22, 4 minutes @26.",,,
226,During the rest time continue rowing at light pressure.,B-D-D-B-D-B-A-B-A-A-A-A-B-B-B-B-E  ,Long, 
227,3 x 21 min with rate increase / 4 min easy,"Row three 21 minute pieces. Row the first six minutes @ 20 spm. Then five minutes @ 22 spm, four @ 24, three @ 26, two @ 28 and one @ 30. Row for four minutes at light pressure between each piece.",B-D-D-B-D-B-B-A-A-A-A-A-B-B-B-B-E  ,Long
228,2 x 40 min / 5 min easy,Row two 40 minute pieces. Row for five minutes at light pressure between each piece.,B-D-D-B-D-B-B-B-B-A-C-A-A-A-A-B-B-B-B-B-E  ,Long
229,3 x 4000m / 5 min easy,Row three 4000 meter pieces. Row for five minutes at light pressure between each piece.,B-D-D-A-D-B-B-B-B-A-C-C-C-C-C-A-A-A-A-B-B-B-B-B-E  ,Long
230,2 x 6000m / 2 min easy,Row two 6000 meter pieces. Row for two minutes at light pressure between each piece.,B-D-D-A-D-B-B-B-B-B-B-A-C-C-C-C-C-A-A-A-A-B-B-E  ,Long
231,3 x 4000m rate change 22-24 / 5 min easy,Row three 4000 meter pieces. In each piece change the rate every 1000m. The first 1000m @ 22 spm. Then 1000m @ 24 spm. 1000m @ 22 and 1000m @ 24. Row for five minutes at light pressure during the rest period.,B-D-D-A-D-B-B-B-B-A-C-C-C-C-C-A-A-A-A-B-B-B-B-B-E  ,Long
232,2 x 20 min / 5 min easy,Row two 20 minute pieces. Row for five minutes at light pressure between each piece.,B-D-D-B-D-B-B-A-C-A-A-A-A-B-B-B-B-B-E  ,Long
233,4 x 3000m / 4 min easy,Row four 3000 meter pieces. Row for four minutes at light pressure between each piece.,B-D-D-A-D-B-B-B-A-C-C-C-C-C-A-A-A-A-B-B-B-B-E  ,Long
234,2 x 6000m / 2 min easy,Row two 6000 meter pieces. Row for two minutes at light pressure between each piece.,B-D-D-A-D-B-B-B-B-B-B-A-C-C-C-C-C-A-A-A-A-B-B-E  ,Long
235,"42,195m (Marathon) time trial","Row a 42,195 meter time trial, going for your personal best. After you've rowed, enter your time in the Online Ranking and see where you stand with others of your age, gender and weight class.",B-B-E  ,Long
236,3 x 5000m / 6 min easy,Row three 5000 meter pieces. Row for six minutes at light pressure between each piece.,B-D-D-A-D-B-B-B-B-B-A-C-C-C-C-C-A-A-A-A-B-B-B-B-B-B-E  ,Long
237,5 x 3000m / 3 min easy,Row five 3000 meter pieces. Row for three minutes at light pressure between each piece.,B-D-D-A-D-B-B-B-A-C-C-C-C-C-A-A-A-A-B-B-B-E  ,Long
238,3 x 20 min / 5 min easy,Row three 20 minute pieces. Row for five minutes at light pressure between each piece.,B-D-D-B-D-B-B-A-C-A-A-A-A-B-B-B-B-B-E  ,Long
239,2 x 40 min / 5 min easy,Row two 40 minute pieces. Row for five minutes at light pressure between each piece.,B-D-D-B-D-B-B-B-B-A-C-A-A-A-A-B-B-B-B-B-E  ,Long
240,6 x 2000m rate change 22-24 / 2 min easy,Row six 2000 meter pieces. In each piece change the rate every 500m. The first 500m @ 22 spm. Then 500m @ 24 spm. 500m @ 22 and 500m @ 24. Row for two minutes at light pressure during the rest period.,B-D-D-A-D-B-B-A-C-C-C-C-C-A-A-A-A-B-B-E  ,Long
241,4 x 15 min with rate increase / 3 min easy,"Row four 15 minute pieces. Row the first five minutes of each @ 20 spm. Then four minutes @ 22 spm, three @ 24, two @ 26 and one @ 28. Row for three minutes at light pressure during the rest period.",B-D-D-B-D-B-A-B-B-B-B-A-A-A-A-B-B-B-E  ,Long
242,4 x 10 min with rate increase / 4 min easy,"Row four 10 minute pieces. Row the first four minutes of each @ 22 spm. Then three minutes @ 24 spm, two @ 26 and one @ 28. Row for four minutes at light pressure during the rest period.",B-D-D-B-D-B-A-C-A-A-A-A-B-B-B-B-E  ,Long
243,60 minutes with rate changes every 5 minutes: 22-24-22-24,"Row a 60 minute piece at a sustainable intensity, varying your stroke rate as follows: row five minutes @ 22 spm, five minutes @ 24 spm, five minutes @ 22 spm and so on.",B-D-B-D-B-A-C-C-C-E  ,Long
244,5 x 12 min / 3 min easy,Row five 12 minute pieces. Row for three minutes at light pressure between each piece.,B-D-D-B-D-B-A-B-A-A-A-A-B-B-B-E  ,Long
245,5 x 2000m rate increase 20-26 / 2 min easy,"Row five 2000 meter pieces. In each piece the first 1000m @ 20 spm. Then 500m @ 22 spm, 250m @ 24 and 250m @ 26. Row for two minutes at light pressure during the rest period.",B-D-D-A-D-B-B-A-C-C-C-C-C-A-A-A-A-B-B-E  ,Long
246,5 x 2000m rate increase 22-28 / 2 min easy,"Row five 2000 meter pieces. In each piece, row the first 1000m @ 22 spm. Then 500m @ 24 spm, 250m @ 26 and 250m @ 28. Row for two minutes at light pressure during the rest period.",B-D-D-A-D-B-B-A-C-C-C-C-C-A-A-A-A-B-B-E  ,Long
247,6 x 2000m / 3 min easy,Row six 2000 meter pieces. Row for three minutes at light pressure between each 2000.,B-D-D-A-D-B-B-A-C-C-C-C-C-A-A-A-A-B-B-B-E  ,Long
248,5 x 2000m rate increase 20-26 / 2 min easy,"Row five 2000 meter pieces. In each piece the first 1000m @ 20 spm. Then 500m @ 22 spm, 250m @ 24 and 250m @ 26. Row for two minutes at light pressure during the rest period.",B-D-D-A-D-B-B-A-C-C-C-C-C-A-A-A-A-B-B-E  ,Long
249,3 x 4000m rate change 22-24 / 5 min easy,Row three 4000 meter pieces. In each piece change the rate every 1000m. The first 1000m @ 22 spm. Then 1000m @ 24 spm. 1000m @ 22 and 1000m @ 24. Row for five minutes at light pressure during the rest period.,B-D-D-A-D-B-B-B-B-A-C-C-C-C-C-A-A-A-A-B-B-B-B-B-E  ,Long
250,5 x 10 min with rate increase / 4 min easy,"Row five 10 minute pieces. Row the first four minutes of each @ 22 spm. Then three minutes @ 24 spm, two @ 26 and one @ 28. Row for four minutes at light pressure during the rest period.",B-D-D-B-D-B-A-C-A-A-A-A-B-B-B-B-E  ,Long
251,3 x 15 min with rate increase / 3 min easy,"Row three 15 minute pieces. Row the first five minutes of each @ 20 spm. Then four minutes @ 22 spm, three @ 24, two @ 26 and one @ 28. Row for three minutes at light pressure during the rest period.",B-D-D-B-D-B-A-B-B-B-B-A-A-A-A-B-B-B-E  ,Long
252,4 x 5000m / 3 min easy,Row four 5000 meter pieces. Row for three minutes at light pressure between each piece.,B-D-D-A-D-B-B-B-B-B-A-C-C-C-C-C-A-A-A-A-B-B-B-E  ,Long
253,3 x 6000m / 4 min easy,Row three 6000 meter pieces. Row for four minutes at light pressure between each piece.,B-D-D-A-D-B-B-B-B-B-B-A-C-C-C-C-C-A-A-A-A-B-B-B-B-E  ,Long
254,4 x 12 min / 3 min easy,Row four 12 minute pieces. Row for three minutes at light pressure between each piece.,B-D-D-B-D-B-A-B-A-A-A-A-B-B-B-E  ,Long
255,3 x 5000m / 6 min easy,Row three 5000 meter pieces. Row for six minutes at light pressure between each piece.,B-D-D-A-D-B-B-B-B-B-A-C-C-C-C-C-A-A-A-A-B-B-B-B-B-B-E  ,Long
256,3 x 21 min with rate increase / 4 min easy,"Row three 21 minute pieces. Row the first six minutes @ 20 spm. Then five minutes @ 22 spm, four @ 24, three @ 26, two @ 28 and one @ 30. Row for four minutes at light pressure between each piece.",B-D-D-B-D-B-B-A-A-A-A-A-B-B-B-B-E  ,Long
257,4 x 3000m / 4 min easy,Row four 3000 meter pieces. Row for four minutes at light pressure between each piece.,B-D-D-A-D-B-B-B-A-C-C-C-C-C-A-A-A-A-B-B-B-B-E  ,Long
258,6 x 2000m rate increase 22-28 / 2 min easy,"Row six 2000 meter pieces. In each piece the first 1000m @ 22 spm. Then 500m @ 24 spm, 250m @ 26 and 250m @ 28. Row for two minutes at light pressure during the rest period.",B-D-D-A-D-B-B-A-C-C-C-C-C-A-A-A-A-B-B-E  ,Long
259,3 x 6000m / 4 min easy,Row three 6000 meter pieces. Row for four minutes at light pressure between each piece.,B-D-D-A-D-B-B-B-B-B-B-A-C-C-C-C-C-A-A-A-A-B-B-B-B-E  ,Long
260,2 x 20 min / 5 min easy,Row two 20 minute pieces. Row for five minutes at light pressure between each piece.,B-D-D-B-D-B-B-A-C-A-A-A-A-B-B-B-B-B-E  ,Long
261,2 x 8000m rate change 22-24 / 5 min easy,Row two 8000 meter pieces. In each piece change the rate every 2000m. The first 2000m @ 22 spm. Then 2000m @ 24 spm. 2000m @ 22 and 2000m @ 24. Row for five minutes at light pressure during the rest period.,B-D-D-A-D-B-B-B-B-B-B-B-B-A-C-C-C-C-C-A-A-A-A-B-B-B-B-B-E  ,Long
262,5 x 10 min with rate increase / 4 min easy,"Row five 10 minute pieces. Row the first four minutes of each @ 22 spm. Then three minutes @ 24 spm, two @ 26 and one @ 28. Row for four minutes at light pressure during the rest period.",B-D-D-B-D-B-A-C-A-A-A-A-B-B-B-B-E  ,Long
263,6 x 10 min / 2 min easy,Row six 10 minute pieces. Row for two minutes at light pressure between each piece.,B-D-D-B-D-B-A-C-A-A-A-A-B-B-E  ,Long
264,4 x 15 min with rate increase / 3 min easy,"Row four 15 minute pieces. Row the first five minutes of each @ 20 spm. Then four minutes @ 22 spm, three @ 24, two @ 26 and one @ 28. Row for three minutes at light pressure during the rest period.",B-D-D-B-D-B-A-B-B-B-B-A-A-A-A-B-B-B-E  ,Long
265,6 x 2000m rate increase 22-28 / 2 min easy,"Row six 2000 meter pieces. In each piece the first 1000m @ 22 spm. Then 500m @ 24 spm, 250m @ 26 and 250m @ 28. Row for two minutes at light pressure during the rest period.",B-D-D-A-D-B-B-A-C-C-C-C-C-A-A-A-A-B-B-E  ,Long
266,4-6-8-10-8-6-4 min pyramid / 2 min easy,"Pre-set the monitor for 60 minutes. Row seven intervals in a pyramid of 4-6-8-10-8-6-4, with two minutes at light pressure after each interval. A four minute piece, then two light, a six minute piece, two light and so on.",B-D-D-D-D-B-B-B-A-A-A-A-B-B-E-D-B-B-E-D-B-B-E-D-D-B-A-B-B-E-D-C-C-D-C-E-D-C-C-E-D-C-C-E-E  ,Long
267,2 x 6000m rate increase 22-26 / 4 min easy,Row two 6000 meter pieces. In each piece the first 3000m @ 22 spm. Then 2000m @ 24 spm and 1000m @ 26. Row for four minutes at light pressure during the rest period.,B-D-D-A-D-B-B-B-B-B-B-A-C-C-C-C-C-A-A-A-A-B-B-B-B-E  ,Long
268,2 x 8000m rate change 22-24 / 5 min easy,Row two 8000 meter pieces. In each piece change the rate every 2000m. The first 2000m @ 22 spm. Then 2000m @ 24 spm. 2000m @ 22 and 2000m @ 24. Row for five minutes at light pressure during the rest period.,B-D-D-A-D-B-B-B-B-B-B-B-B-A-C-C-C-C-C-A-A-A-A-B-B-B-B-B-E  ,Long
269,3 x 6000m / 4 min easy,Row three 6000 meter pieces. Row for four minutes at light pressure between each piece.,B-D-D-A-D-B-B-B-B-B-B-A-C-C-C-C-C-A-A-A-A-B-B-B-B-E  ,Long
270,3 x 6000m / 4 min easy,Row three 6000 meter pieces. Row for four minutes at light pressure between each piece.,B-D-D-A-D-B-B-B-B-B-B-A-C-C-C-C-C-A-A-A-A-B-B-B-B-E  ,Long
271,3 x 4000m / 5 min easy,Row three 4000 meter pieces. Row for five minutes at light pressure between each piece.,B-D-D-A-D-B-B-B-B-A-C-C-C-C-C-A-A-A-A-B-B-B-B-B-E  ,Long
272,60 minute time trial,"Row a 60 minute time trial, going for your personal best. After you've rowed, enter your time in the Online Ranking and see where you stand with others of your age, gender and weight class.",B-D-B-D-B-A-C-C-C-E  ,Long
273,5 x 2000m rate increase 22-28 / 2 min easy,"Row five 2000 meter pieces. In each piece, row the first 1000m @ 22 spm. Then 500m @ 24 spm, 250m @ 26 and 250m @ 28. Row for two minutes at light pressure during the rest period.",B-D-D-A-D-B-B-A-C-C-C-C-C-A-A-A-A-B-B-E  ,Long
274,4 x 10 min with rate increase / 4 min easy,"Row four 10 minute pieces. Row the first four minutes of each @ 22 spm. Then three minutes @ 24 spm, two @ 26 and one @ 28. Row for four minutes at light pressure during the rest period.",B-D-D-B-D-B-A-C-A-A-A-A-B-B-B-B-E  ,Long
275,2 x 6000m rate increase 24-28 / 4 min easy,Row two 6000 meter pieces. In each piece the first 3000m @ 24 spm. Then 2000m @ 26 spm and 1000m @ 28. Row for four minutes at light pressure during the rest period.,B-D-D-A-D-B-B-B-B-B-B-A-C-C-C-C-C-A-A-A-A-B-B-B-B-E  ,Long
276,"2 x 10,000m / 2 min easy","Row two 10,000 meter pieces. Row for two minutes at light pressure between each piece.",B-D-D-D-C-D-D-B-A-A-C-C-C-C-C-A-A-A-A-B-B-E-C-A-A-A-A-C-C-E-E  ,Long
277,3 x 4000m / 5 min easy,Row three 4000 meter pieces. Row for five minutes at light pressure between each piece.,B-D-D-A-D-B-B-B-B-A-C-C-C-C-C-A-A-A-A-B-B-B-B-B-E  ,Long
278,2 x 6000m rate increase 22-26 / 4 min easy,Row two 6000 meter pieces. In each piece the first 3000m @ 22 spm. Then 2000m @ 24 spm and 1000m @ 26. Row for four minutes at light pressure during the rest period.,B-D-D-A-D-B-B-B-B-B-B-A-C-C-C-C-C-A-A-A-A-B-B-B-B-E  ,Long
279,2 x 6000m rate increase 22-26 / 4 min easy,Row two 6000 meter pieces. In each piece the first 3000m @ 22 spm. Then 2000m @ 24 spm and 1000m @ 26. Row for four minutes at light pressure during the rest period.,B-D-D-A-D-B-B-B-B-B-B-A-C-C-C-C-C-A-A-A-A-B-B-B-B-E  ,Long
280,4 x 12 min / 3 min easy,Row four 12 minute pieces. Row for three minutes at light pressure between each piece.,B-D-D-B-D-B-A-B-A-A-A-A-B-B-B-E  ,Long
281,6 x 2000m rate increase 20-26 / 2 min easy,"Row six 2000 meter pieces. In each piece the first 1000m @ 20 spm. Then 500m @ 22 spm, 250m @ 24 and 250m @ 26. Row for two minutes at light pressure during the rest period.",B-D-D-A-D-B-B-A-C-C-C-C-C-A-A-A-A-B-B-E  ,Long
282,5 x 10 min with rate increase / 4 min easy,"Row five 10 minute pieces. Row the first four minutes of each @ 22 spm. Then three minutes @ 24 spm, two @ 26 and one @ 28. Row for four minutes at light pressure during the rest period.",B-D-D-B-D-B-A-C-A-A-A-A-B-B-B-B-E  ,Long
283,2 x 20 min / 5 min easy,Row two 20 minute pieces. Row for five minutes at light pressure between each piece.,B-D-D-B-D-B-B-A-C-A-A-A-A-B-B-B-B-B-E  ,Long
284,2 x 40 min / 5 min easy,Row two 40 minute pieces. Row for five minutes at light pressure between each piece.,B-D-D-B-D-B-B-B-B-A-C-A-A-A-A-B-B-B-B-B-E  ,Long
285,4 x 10 min with rate increase / 4 min easy,"Row four 10 minute pieces. Row the first four minutes of each @ 22 spm. Then three minutes @ 24 spm, two @ 26 and one @ 28. Row for four minutes at light pressure during the rest period.",B-D-D-B-D-B-A-C-A-A-A-A-B-B-B-B-E  ,Long
286,60 minutes with rate changes every 5 minutes: 22-24-22-24,"Row a 60 minute piece at a sustainable intensity, varying your stroke rate as follows: row five minutes @ 22 spm, five minutes @ 24 spm, five minutes @ 22 spm and so on.",B-D-B-D-B-A-C-C-C-E  ,Long
287,5 x 10 min / 2 min easy,Row five 10 minute pieces. Row for two minutes at light pressure between each piece.,B-D-D-B-D-B-A-C-A-A-A-A-B-B-E  ,Long
288,"42,195m (Marathon) time trial","Row a 42,195 meter time trial, going for your personal best. After you've rowed, enter your time in the Online Ranking and see where you stand with others of your age, gender and weight class.",B-B-E  ,Long
289,6 x 2000m rate increase 20-26 / 2 min easy,"Row six 2000 meter pieces. In each piece the first 1000m @ 20 spm. Then 500m @ 22 spm, 250m @ 24 and 250m @ 26. Row for two minutes at light pressure during the rest period.",B-D-D-A-D-B-B-A-C-C-C-C-C-A-A-A-A-B-B-E  ,Long
290,5 x 2000m / 2 min easy,Row five 2000 meter pieces. Row for two minutes at light pressure between each 2000.,B-D-D-A-D-B-B-A-C-C-C-C-C-A-A-A-A-B-B-E  ,Long
291,5 x 12 min / 3 min easy,Row five 12 minute pieces. Row for three minutes at light pressure between each piece.,B-D-D-B-D-B-A-B-A-A-A-A-B-B-B-E  ,Long
292,4 x 12 min / 3 min easy,Row four 12 minute pieces. Row for three minutes at light pressure between each piece.,B-D-D-B-D-B-A-B-A-A-A-A-B-B-B-E  ,Long
293,2 x 30 min / 2 min easy,Row two 30 minute pieces. Row for two minutes at light pressure between each piece.,B-D-D-B-D-B-B-B-A-C-A-A-A-A-B-B-E  ,Long
294,5 x 2000m rate change 24-26 / 2 min easy,Row five 2000 meter pieces. In each piece change the rate every 500m. The first 500m @ 24 spm. Then 500m @ 26 spm. 500m @ 24 and 500m @ 26. Row for two minutes at light pressure during the rest period.,B-D-D-A-D-B-B-A-C-C-C-C-C-A-A-A-A-B-B-E  ,Long
295,4 x 10 min / 2 min easy,Row four 10 minute pieces. Row for two minutes at light pressure between each piece.,B-D-D-B-D-B-A-C-A-A-A-A-B-B-E  ,Long
296,5 x 2000m rate increase 20-26 / 2 min easy,"Row five 2000 meter pieces. In each piece the first 1000m @ 20 spm. Then 500m @ 22 spm, 250m @ 24 and 250m @ 26. Row for two minutes at light pressure during the rest period.",B-D-D-A-D-B-B-A-C-C-C-C-C-A-A-A-A-B-B-E  ,Long
297,5 x 2000m rate increase 22-28 / 2 min easy,"Row five 2000 meter pieces. In each piece, row the first 1000m @ 22 spm. Then 500m @ 24 spm, 250m @ 26 and 250m @ 28. Row for two minutes at light pressure during the rest period.",B-D-D-A-D-B-B-A-C-C-C-C-C-A-A-A-A-B-B-E  ,Long
298,2 x 6000m / 2 min easy,Row two 6000 meter pieces. Row for two minutes at light pressure between each piece.,B-D-D-A-D-B-B-B-B-B-B-A-C-C-C-C-C-A-A-A-A-B-B-E  ,Long
299,3 x 15 min with rate increase / 3 min easy,"Row three 15 minute pieces. Row the first five minutes of each @ 20 spm. Then four minutes @ 22 spm, three @ 24, two @ 26 and one @ 28. Row for three minutes at light pressure during the rest period.",B-D-D-B-D-B-A-B-B-B-B-A-A-A-A-B-B-B-E  ,Long
300,2 x 40 min / 5 min easy,Row two 40 minute pieces. Row for five minutes at light pressure between each piece.,B-D-D-B-D-B-B-B-B-A-C-A-A-A-A-B-B-B-B-B-E  ,Long
301,2 x 21 min with rate increase / 4 min easy,"Row two 21 minute pieces. Row the first six minutes @ 20 spm. Then five minutes @ 22 spm, four @ 24, three @ 26, two @ 28 and one @ 30. Row for four minutes at light pressure between each piece.",B-D-D-B-D-B-B-A-A-A-A-A-B-B-B-B-E  ,Long
302,2 x 6000m / 6 min easy,Row two 6000 meter pieces. Row for six minutes at light pressure between each piece.,B-D-D-A-D-B-B-B-B-B-B-A-C-C-C-C-C-A-A-A-A-B-B-B-B-B-B-E  ,Long
303,"2 x 10,000m / 6 min easy","Row two 10,000 meter pieces. Row for six minutes at light pressure between each piece.",B-D-D-D-C-D-D-B-A-A-C-C-C-C-C-A-A-A-A-B-B-B-B-B-B-E-C-A-A-A-A-C-C-C-C-C-C-E-E  ,Long
304,3 x 5000m with rate changes every 1000m: 24-22-24-26-24 / 3 min easy,"Row three 5000m pieces at a sustainable intensity, varying your stroke rate in each piece as follows: row 1000 meters @ 24 spm, 1000 meters @ 22 spm, 1000 meters @ 24 spm, 1000 meters @ 26 spm, and 1000 meters @ 24 spm. Row for two minutes at light pressure between each piece.",B-D-D-A-D-B-B-B-B-B-A-C-C-C-C-C-A-A-A-A-B-B-B-E  ,Long
305,4 x 3000m / 4 min easy,Row four 3000 meter pieces. Row for four minutes at light pressure between each piece.,B-D-D-A-D-B-B-B-A-C-C-C-C-C-A-A-A-A-B-B-B-B-E  ,Long
306,3 x 5000m / 6 min easy,Row three 5000 meter pieces. Row for six minutes at light pressure between each piece.,B-D-D-A-D-B-B-B-B-B-A-C-C-C-C-C-A-A-A-A-B-B-B-B-B-B-E  ,Long
307,"2 x 10,000m / 6 min easy","Row two 10,000 meter pieces. Row for six minutes at light pressure between each piece.",B-D-D-D-C-D-D-B-A-A-C-C-C-C-C-A-A-A-A-B-B-B-B-B-B-E-C-A-A-A-A-C-C-C-C-C-C-E-E  ,Long
308,3 x 20 min / 2 min easy,Row three 20 minute pieces. Row for two minutes at light pressure between each piece.,B-D-D-B-D-B-B-A-C-A-A-A-A-B-B-E  ,Long
309,4 x 10 min with rate increase / 4 min easy,"Row four 10 minute pieces. Row the first four minutes of each @ 22 spm. Then three minutes @ 24 spm, two @ 26 and one @ 28. Row for four minutes at light pressure during the rest period.",B-D-D-B-D-B-A-C-A-A-A-A-B-B-B-B-E  ,Long
310,4 x 12 min with level change,Pre-set the monitor for a work time of 12:00 and a rest time of 4:00.Let your stroke rate vary as follows per interval:,,
311,"First interval: 5 minutes @20, 1 minute @24, 5 minutes @22, 1 minute @26 Second interval: 4 minutes @20, 2 minutes @24, 4 minutes @22, 2 minutes @26 Third interval: 3 minutes @20, 3 minutes @24, 3 minutes @22, 3 minutes @26 Fourth interval: 2 minutes @20, 4 minutes @24, 2 minutes @22, 4 minutes @26.",,,
312,During the rest time continue rowing at light pressure.,B-D-D-B-D-B-A-B-A-A-A-A-B-B-B-B-E  ,Long, 
313,2 x 6000m / 6 min easy,Row two 6000 meter pieces. Row for six minutes at light pressure between each piece.,B-D-D-A-D-B-B-B-B-B-B-A-C-C-C-C-C-A-A-A-A-B-B-B-B-B-B-E  ,Long
